
SET SQL_MODE = "NO_AUTO_VALUE_ON_ZERO";
START TRANSACTION;
SET time_zone = "+00:00";

CREATE TABLE `actividades` (
  `id` int(11) NOT NULL,
  `actividad` varchar(1000) NOT NULL,
  `precio` int(11) NOT NULL,
  `tiempo` varchar(1000) NOT NULL,
  `destacado` varchar(2) NOT NULL DEFAULT '0',
  `reserva` varchar(11) NOT NULL DEFAULT '992706247'
) ENGINE=InnoDB DEFAULT CHARSET=utf8mb4 COLLATE=utf8mb4_unicode_ci;

--
-- Volcado de datos para la tabla `actividades`
--

INSERT INTO `actividades` (`id`, `actividad`, `precio`, `tiempo`, `destacado`, `reserva`) VALUES
(1, 'CANOTAJE', 35, '1h 30min aprox.', '0', '992706247'),
(2, 'CANOPY', 50, '40min aprox.', '0', '992706247'),
(3, 'CUATRIMOTO', 25, '40min aprox.', '0', '992706247'),
(4, 'PASEO TURISTICO', 25, '2h 30min aprox.', '0', '992706247'),
(5, 'RAPELL', 50, '40min aprox.', '0', '992706247'),
(6, 'BICICLETAS DE MONTAÑA', 10, '1h aprox.', '0', '992706247'),
(7, 'BICICLETA EXTREMA + CANOPY', 60, '40min aprox.', '0', '992706247'),
(8, 'PUENTE TIBETANO + CANOPY', 60, '40min aprox.', '1', '992706247'),
(9, 'ESCALERA AL CIELO + RAPELL + CANOPY', 120, '50min aprox.', '1', '992706247'),
(10, 'PUENTE TIBETANO + BICICLETA EXTREMA + ESCALERA AL CIELO + RAPELL + CANOPY', 160, '1h 30min aprox.', '1', '992706247');

-- --------------------------------------------------------

--
-- Estructura de tabla para la tabla `detalles`
--

CREATE TABLE `detalles` (
  `id` int(11) NOT NULL,
  `descripcion` varchar(1000) NOT NULL,
  `r1` varchar(1000) NOT NULL DEFAULT '-',
  `r2` varchar(1000) NOT NULL DEFAULT '-',
  `r3` varchar(1000) NOT NULL DEFAULT '-',
  `r4` varchar(1000) NOT NULL DEFAULT '-',
  `embed` varchar(1000) NOT NULL DEFAULT '-',
  `id_actividad` int(11) NOT NULL
) ENGINE=InnoDB DEFAULT CHARSET=utf8mb4 COLLATE=utf8mb4_unicode_ci;

--
-- Volcado de datos para la tabla `detalles`
--

INSERT INTO `detalles` (`id`, `descripcion`, `r1`, `r2`, `r3`, `r4`, `embed`, `id_actividad`) VALUES
(1, 'El canotaje es un deporte que se practica en ríos de aguas bravas o blancas y en aguas tranquilas de algunas ciudades y pueblos de todo el mundo. ', 'Movilidad exclusiva hacia el punto de inicio del servicio.', 'Incluye equipos de seguridad originales: Chalecos clase V, remos y cascos.', 'Guías calificados y debidamente acreditados por la DIRCETUR Lima.', 'Edad mínima: 8 años', 'https://www.google.com/maps/embed?pb=!4v1697423887664!6m8!1m7!1sCAoSLEFGMVFpcE9FQXFBdXRjdzdrMHM3VHo1Q2hYdXo0RjVsTmVXLW5hN1gwSFB0!2m2!1d-12.9612999!2d-76.1436691!3f267.56155732221856!4f-13.241985704995969!5f0.7820865974627469', 1),
(2, 'El canopy es un deporte que consiste en suspenderse y deslizarse por los aires mediante cables que están entrelazados de esquina a esquina.', 'Movilidad exclusiva hacia el punto del servicio.', 'Incluye equipos de seguridad originales: Arneses, casco y manopla o guantes.', 'Guías calificados.', 'Extensión del cable: 380m (ida) + 400m (retorno)', 'https://www.google.com/maps/embed?pb=!4v1697260943095!6m8!1m7!1sCAoSLEFGMVFpcE54Y0xhby1WWkRiVnFzdmctRUc2TjdySUk2NHpFLThwN0tBRVpl!2m2!1d-12.9615831!2d-76.1434402!3f89.35402611653934!4f-26.01351562367683!5f0.7820865974627469', 2),
(3, 'Divertido paseo en Cuatrimotos por la hermosa campiña de Lunahuaná en donde apreciaremos algunos atractivos y la diversidad de flora que posee este distrito.', 'Servicio de Guiado.\r\n', 'Se les otorga equipo de seguridad (cascos)', 'Todas nuestras cuatrimotos son marca Yamaha.', 'Cuatrimotos 350cc a S/.35', 'https://www.google.com/maps/embed?pb=!4v1697260645582!6m8!1m7!1sCAoSLEFGMVFpcE13RnpoOEY2QzY0dzJhTWNWb0xnVmprVVdEWW5kQ0IxcVhrejNm!2m2!1d-13.023389!2d-76.17795699999999!3f82.06887769169225!4f-22.37387434737829!5f0.7820865974627469', 3),
(4, 'Divertido paseo donde apreciaremos los diversos atractivos turísticos del distrito.\r\n• Bodega Vitivinícola\r\n• Centro apícola\r\n• La casa embrujada\r\n• El puente colgante', 'Movilidad exclusiva.', 'Guía de turistas.', 'Opcional: Paseo a Caballo.', 'Niños a S/.20', 'https://www.google.com/maps/embed?pb=!4v1697261054663!6m8!1m7!1sCAoSLEFGMVFpcFAxU3Z5Slo5dTJ6THFveGY5aTYwNEQtbGlUcEtTUFNlNmg3Q0dx!2m2!1d-12.9629138!2d-76.1399024!3f245.23776901549684!4f5.470894813257402!5f0.7820865974627469', 4),
(5, 'El rápell es el sistema de descenso en una roca de 60 metros (aprox.), haciendo uso de sistema de seguridad como arneses, línea de vida y cuerdas. El descenso no es totalmente vertical, tiene cierto ángulo para poder realizar la actividad con mayor facilidad.', 'Movilidad al punto de inicio del servicio.', 'Incluye equipos de seguridad originales: arneses, cascos y guantes.', 'Traslado, charlas instructivas, y descenso.', 'El costo es por persona', 'https://www.google.com/maps/embed?pb=!4v1697424314376!6m8!1m7!1sCAoSLEFGMVFpcE1WczEtNkFyaUxjeVNpWFNqbjVVR1VzeURDVzFHXy1KaFpsSGd5!2m2!1d-12.925799!2d-76.116508!3f202.09030495991888!4f-22.814337154963283!5f0.7820865974627469', 5),
(6, 'Ofrecemos alquiler de bicicletas, para que Ud. y familia puedan visitar los diversos atractivos que posee este distrito.', 'Incluye equipos de seguridad originales: cascos.', 'Se brindará una ruta.', 'Solo es alquiler', 'El costo es por persona', 'https://www.google.com/maps/embed?pb=!4v1697424070484!6m8!1m7!1sCAoSK0FGMVFpcE9QaDV3SmVVQkhIQk5ncEJjVlBLN0xpekVEZEl4T0k0R3FreFk.!2m2!1d-12.9512927!2d-76.1363846!3f23.14878347558175!4f0!5f0.7820865974627469', 6),
(7, 'Servicio, el cual consiste en cruzar el rio manejando una bicicleta la cual se encuentra sobre cables de acero. El\r\nretorno es a través de un canopy básico.', 'Movilidad exclusiva hacia el punto del servicio y retorno al final de este.', 'Incluye equipos de seguridad originales: Arneses, casco y manopla o guantes.', 'Guías calificados.', '200 m (ida) - 200 m (retorno)', 'https://www.google.com/maps/embed?pb=!4v1697260943095!6m8!1m7!1sCAoSLEFGMVFpcE54Y0xhby1WWkRiVnFzdmctRUc2TjdySUk2NHpFLThwN0tBRVpl!2m2!1d-12.9615831!2d-76.1434402!3f89.35402611653934!4f-26.01351562367683!5f0.7820865974627469', 7),
(8, 'Es un servicio, el cual consiste en cruzar el rio a través de un puente estilo tibetano para luego retornar a través de un canopy básico.', 'Movilidad exclusiva hacia el punto del servicio.', 'Incluye equipos de seguridad originales: Arneses, casco y manopla o guantes.', 'Guías calificados.', '200 m (ida) - 200 m (retorno)', 'https://www.google.com/maps/embed?pb=!4v1697260943095!6m8!1m7!1sCAoSLEFGMVFpcE54Y0xhby1WWkRiVnFzdmctRUc2TjdySUk2NHpFLThwN0tBRVpl!2m2!1d-12.9615831!2d-76.1434402!3f89.35402611653934!4f-26.01351562367683!5f0.7820865974627469', 8),
(9, 'Servicio, el cual consiste en cruzar el rio de forma ascendente a través de una escalera, estando al otro lado del rio descendemos 50 metros a través del rápell y finalmente retornamos hacia este lado por el canopy.', 'Movilidad exclusiva hacia el punto del servicio y retorno al final de este.', 'Incluye equipos de seguridad originales: Arneses, casco y manopla o guantes.', 'Guías calificados', 'Extensión del cable de la escalera al cielo: 250 m (ida ascendente) - Extensión del rápell: 50 m (descendente) - Extensión del canopy: 200 m (retorno)', 'https://www.google.com/maps/embed?pb=!4v1697424314376!6m8!1m7!1sCAoSLEFGMVFpcE1WczEtNkFyaUxjeVNpWFNqbjVVR1VzeURDVzFHXy1KaFpsSGd5!2m2!1d-12.925799!2d-76.116508!3f202.09030495991888!4f-22.814337154963283!5f0.7820865974627469', 9),
(10, 'Servicio, el cual consiste en cruzar el rio a través del puente estilo tibetano, para luego retornar en la bicicleta extrema, Seguidamente se vuelve a cruzar a través y de forma ascendente por la escalera al cielo, estando al otro lado del rio descendemos 50 metros a través del rápell y finalmente retornamos hacia este lado por el canopy.', 'Movilidad exclusiva hacia el punto del servicio y retorno al final de este.', 'Incluye equipos de seguridad originales: Arneses, casco y manopla o guantes.', 'Guías calificados', 'Extensión del cable de la bicicleta extrema o puente tibetano: 200 m (ida) - Extensión del canopy: 200 m (retorno) - Extensión del cable de la escalera al cielo: 250 m (ida ascendente) - Extensión del rápell: 50 m (descendente)', 'https://www.google.com/maps/embed?pb=!4v1697423887664!6m8!1m7!1sCAoSLEFGMVFpcE9FQXFBdXRjdzdrMHM3VHo1Q2hYdXo0RjVsTmVXLW5hN1gwSFB0!2m2!1d-12.9612999!2d-76.1436691!3f267.56155732221856!4f-13.241985704995969!5f0.7820865974627469', 10);

-- --------------------------------------------------------

--
-- Estructura de tabla para la tabla `ind1`
--

CREATE TABLE `ind1` (
  `id` int(11) NOT NULL,
  `dia` varchar(1000) NOT NULL,
  `mes` varchar(1000) NOT NULL,
  `tiempo` varchar(1000) NOT NULL
) ENGINE=InnoDB DEFAULT CHARSET=utf8mb4 COLLATE=utf8mb4_unicode_ci;

--
-- Volcado de datos para la tabla `ind1`
--

INSERT INTO `ind1` (`id`, `dia`, `mes`, `tiempo`) VALUES
(1, '1', 'JUNIO', '284'),
(2, '2', 'JUNIO', '358'),
(3, '3', 'JUNIO', '281'),
(4, '4', 'JUNIO', '345'),
(5, '5', 'JUNIO', '348'),
(6, '6', 'JUNIO', '335'),
(7, '7', 'JUNIO', '372'),
(8, '8', 'JUNIO', '286'),
(9, '9', 'JUNIO', '380'),
(10, '10', 'JUNIO', '328'),
(11, '11', 'JUNIO', '284'),
(12, '12', 'JUNIO', '299'),
(13, '13', 'JUNIO', '322'),
(14, '14', 'JUNIO', '329'),
(15, '15', 'JUNIO', '301'),
(16, '16', 'JUNIO', '311'),
(17, '17', 'JUNIO', '348'),
(18, '18', 'JUNIO', '348'),
(19, '19', 'JUNIO', '280'),
(20, '20', 'JUNIO', '371'),
(21, '21', 'JUNIO', '342'),
(22, '22', 'JUNIO', '373'),
(23, '23', 'JUNIO', '348'),
(24, '24', 'JUNIO', '346'),
(25, '25', 'JUNIO', '285'),
(26, '26', 'JUNIO', '309'),
(27, '27', 'JUNIO', '337'),
(28, '28', 'JUNIO', '329'),
(29, '1', 'JULIO', '331'),
(30, '2', 'JULIO', '334'),
(31, '3', 'JULIO', '391'),
(32, '4', 'JULIO', '412'),
(33, '5', 'JULIO', '381'),
(34, '6', 'JULIO', '376'),
(35, '7', 'JULIO', '371'),
(36, '8', 'JULIO', '322'),
(37, '9', 'JULIO', '325'),
(38, '10', 'JULIO', '414'),
(39, '11', 'JULIO', '367'),
(40, '12', 'JULIO', '350'),
(41, '13', 'JULIO', '436'),
(42, '14', 'JULIO', '365'),
(43, '15', 'JULIO', '404'),
(44, '16', 'JULIO', '369'),
(45, '17', 'JULIO', '411'),
(46, '18', 'JULIO', '387'),
(47, '19', 'JULIO', '371'),
(48, '20', 'JULIO', '344'),
(49, '21', 'JULIO', '401'),
(50, '22', 'JULIO', '378'),
(51, '23', 'JULIO', '348'),
(52, '24', 'JULIO', '408'),
(53, '25', 'JULIO', '331'),
(54, '26', 'JULIO', '355'),
(55, '27', 'JULIO', '359'),
(56, '28', 'JULIO', '411'),
(57, '1', 'AGOSTO', '343'),
(58, '2', 'AGOSTO', '307'),
(59, '3', 'AGOSTO', '362'),
(60, '4', 'AGOSTO', '381'),
(61, '5', 'AGOSTO', '323'),
(62, '6', 'AGOSTO', '308'),
(63, '7', 'AGOSTO', '378'),
(64, '8', 'AGOSTO', '318'),
(65, '9', 'AGOSTO', '335'),
(66, '10', 'AGOSTO', '322'),
(67, '11', 'AGOSTO', '298'),
(68, '12', 'AGOSTO', '390'),
(69, '13', 'AGOSTO', '339'),
(70, '14', 'AGOSTO', '375'),
(71, '15', 'AGOSTO', '358'),
(72, '16', 'AGOSTO', '390'),
(73, '17', 'AGOSTO', '342'),
(74, '18', 'AGOSTO', '311'),
(75, '19', 'AGOSTO', '317'),
(76, '20', 'AGOSTO', '395'),
(77, '21', 'AGOSTO', '368'),
(78, '22', 'AGOSTO', '368'),
(79, '23', 'AGOSTO', '366'),
(80, '24', 'AGOSTO', '317'),
(81, '25', 'AGOSTO', '299'),
(82, '26', 'AGOSTO', '393'),
(83, '27', 'AGOSTO', '347'),
(84, '28', 'AGOSTO', '322'),
(85, '1', 'SETIEMBRE', '260'),
(86, '2', 'SETIEMBRE', '340'),
(87, '3', 'SETIEMBRE', '330'),
(88, '4', 'SETIEMBRE', '297'),
(89, '5', 'SETIEMBRE', '286'),
(90, '6', 'SETIEMBRE', '348'),
(91, '7', 'SETIEMBRE', '339'),
(92, '8', 'SETIEMBRE', '262'),
(93, '9', 'SETIEMBRE', '330'),
(94, '10', 'SETIEMBRE', '297'),
(95, '11', 'SETIEMBRE', '268'),
(96, '12', 'SETIEMBRE', '322'),
(97, '13', 'SETIEMBRE', '293'),
(98, '14', 'SETIEMBRE', '336'),
(99, '15', 'SETIEMBRE', '339'),
(100, '16', 'SETIEMBRE', '270'),
(101, '17', 'SETIEMBRE', '351'),
(102, '18', 'SETIEMBRE', '323'),
(103, '19', 'SETIEMBRE', '328'),
(104, '20', 'SETIEMBRE', '333'),
(105, '21', 'SETIEMBRE', '347'),
(106, '22', 'SETIEMBRE', '295'),
(107, '23', 'SETIEMBRE', '341'),
(108, '24', 'SETIEMBRE', '337'),
(109, '25', 'SETIEMBRE', '343'),
(110, '26', 'SETIEMBRE', '272'),
(111, '27', 'SETIEMBRE', '296'),
(112, '28', 'SETIEMBRE', '345'),
(113, '1', 'OCTUBRE', '318'),
(114, '2', 'OCTUBRE', '303'),
(115, '3', 'OCTUBRE', '284'),
(116, '4', 'OCTUBRE', '303'),
(117, '5', 'OCTUBRE', '330'),
(118, '6', 'OCTUBRE', '318'),
(119, '7', 'OCTUBRE', '335'),
(120, '8', 'OCTUBRE', '277'),
(121, '9', 'OCTUBRE', '309'),
(122, '10', 'OCTUBRE', '268'),
(123, '11', 'OCTUBRE', '289'),
(124, '12', 'OCTUBRE', '293'),
(125, '13', 'OCTUBRE', '330'),
(126, '14', 'OCTUBRE', '347'),
(127, '15', 'OCTUBRE', '321'),
(128, '16', 'OCTUBRE', '335'),
(129, '17', 'OCTUBRE', '291'),
(130, '18', 'OCTUBRE', '260'),
(131, '19', 'OCTUBRE', '305'),
(132, '20', 'OCTUBRE', '270'),
(133, '21', 'OCTUBRE', '318'),
(134, '22', 'OCTUBRE', '310'),
(135, '23', 'OCTUBRE', '343'),
(136, '24', 'OCTUBRE', '279'),
(137, '25', 'OCTUBRE', '299'),
(138, '26', 'OCTUBRE', '338'),
(139, '27', 'OCTUBRE', '274'),
(140, '28', 'OCTUBRE', '301');

-- --------------------------------------------------------

--
-- Estructura de tabla para la tabla `ind2`
--

CREATE TABLE `ind2` (
  `id` int(11) NOT NULL,
  `dia` varchar(1000) NOT NULL,
  `mes` varchar(1000) NOT NULL,
  `cantidad` varchar(1000) NOT NULL
) ENGINE=InnoDB DEFAULT CHARSET=utf8mb4 COLLATE=utf8mb4_unicode_ci;

--
-- Volcado de datos para la tabla `ind2`
--

INSERT INTO `ind2` (`id`, `dia`, `mes`, `cantidad`) VALUES
(1, '1', 'JUNIO', '46'),
(2, '2', 'JUNIO', '29'),
(3, '3', 'JUNIO', '14'),
(4, '4', 'JUNIO', '64'),
(5, '5', 'JUNIO', '22'),
(6, '6', 'JUNIO', '69'),
(7, '7', 'JUNIO', '39'),
(8, '8', 'JUNIO', '88'),
(9, '9', 'JUNIO', '78'),
(10, '10', 'JUNIO', '59'),
(11, '11', 'JUNIO', '69'),
(12, '12', 'JUNIO', '36'),
(13, '13', 'JUNIO', '28'),
(14, '14', 'JUNIO', '84'),
(15, '15', 'JUNIO', '40'),
(16, '16', 'JUNIO', '78'),
(17, '17', 'JUNIO', '88'),
(18, '18', 'JUNIO', '24'),
(19, '19', 'JUNIO', '17'),
(20, '20', 'JUNIO', '84'),
(21, '21', 'JUNIO', '34'),
(22, '22', 'JUNIO', '97'),
(23, '23', 'JUNIO', '97'),
(24, '24', 'JUNIO', '18'),
(25, '25', 'JUNIO', '36'),
(26, '26', 'JUNIO', '15'),
(27, '27', 'JUNIO', '56'),
(28, '28', 'JUNIO', '62'),
(29, '1', 'JULIO', '67'),
(30, '2', 'JULIO', '57'),
(31, '3', 'JULIO', '22'),
(32, '4', 'JULIO', '53'),
(33, '5', 'JULIO', '14'),
(34, '6', 'JULIO', '44'),
(35, '7', 'JULIO', '30'),
(36, '8', 'JULIO', '22'),
(37, '9', 'JULIO', '37'),
(38, '10', 'JULIO', '21'),
(39, '11', 'JULIO', '94'),
(40, '12', 'JULIO', '37'),
(41, '13', 'JULIO', '37'),
(42, '14', 'JULIO', '76'),
(43, '15', 'JULIO', '43'),
(44, '16', 'JULIO', '39'),
(45, '17', 'JULIO', '52'),
(46, '18', 'JULIO', '12'),
(47, '19', 'JULIO', '58'),
(48, '20', 'JULIO', '23'),
(49, '21', 'JULIO', '70'),
(50, '22', 'JULIO', '73'),
(51, '23', 'JULIO', '65'),
(52, '24', 'JULIO', '18'),
(53, '25', 'JULIO', '44'),
(54, '26', 'JULIO', '64'),
(55, '27', 'JULIO', '61'),
(56, '28', 'JULIO', '18'),
(57, '1', 'AGOSTO', '27'),
(58, '2', 'AGOSTO', '79'),
(59, '3', 'AGOSTO', '16'),
(60, '4', 'AGOSTO', '74'),
(61, '5', 'AGOSTO', '80'),
(62, '6', 'AGOSTO', '95'),
(63, '7', 'AGOSTO', '13'),
(64, '8', 'AGOSTO', '69'),
(65, '9', 'AGOSTO', '79'),
(66, '10', 'AGOSTO', '75'),
(67, '11', 'AGOSTO', '92'),
(68, '12', 'AGOSTO', '32'),
(69, '13', 'AGOSTO', '16'),
(70, '14', 'AGOSTO', '58'),
(71, '15', 'AGOSTO', '26'),
(72, '16', 'AGOSTO', '39'),
(73, '17', 'AGOSTO', '48'),
(74, '18', 'AGOSTO', '97'),
(75, '19', 'AGOSTO', '30'),
(76, '20', 'AGOSTO', '62'),
(77, '21', 'AGOSTO', '51'),
(78, '22', 'AGOSTO', '37'),
(79, '23', 'AGOSTO', '13'),
(80, '24', 'AGOSTO', '49'),
(81, '25', 'AGOSTO', '14'),
(82, '26', 'AGOSTO', '88'),
(83, '27', 'AGOSTO', '80'),
(84, '28', 'AGOSTO', '27'),
(85, '1', 'SETIEMBRE', '50'),
(86, '2', 'SETIEMBRE', '50'),
(87, '3', 'SETIEMBRE', '51'),
(88, '4', 'SETIEMBRE', '39'),
(89, '5', 'SETIEMBRE', '91'),
(90, '6', 'SETIEMBRE', '48'),
(91, '7', 'SETIEMBRE', '13'),
(92, '8', 'SETIEMBRE', '90'),
(93, '9', 'SETIEMBRE', '51'),
(94, '10', 'SETIEMBRE', '65'),
(95, '11', 'SETIEMBRE', '77'),
(96, '12', 'SETIEMBRE', '75'),
(97, '13', 'SETIEMBRE', '63'),
(98, '14', 'SETIEMBRE', '48'),
(99, '15', 'SETIEMBRE', '61'),
(100, '16', 'SETIEMBRE', '15'),
(101, '17', 'SETIEMBRE', '43'),
(102, '18', 'SETIEMBRE', '95'),
(103, '19', 'SETIEMBRE', '32'),
(104, '20', 'SETIEMBRE', '92'),
(105, '21', 'SETIEMBRE', '83'),
(106, '22', 'SETIEMBRE', '62'),
(107, '23', 'SETIEMBRE', '96'),
(108, '24', 'SETIEMBRE', '35'),
(109, '25', 'SETIEMBRE', '38'),
(110, '26', 'SETIEMBRE', '75'),
(111, '27', 'SETIEMBRE', '80'),
(112, '28', 'SETIEMBRE', '96'),
(113, '1', 'OCTUBRE', '59'),
(114, '2', 'OCTUBRE', '65'),
(115, '3', 'OCTUBRE', '72'),
(116, '4', 'OCTUBRE', '69'),
(117, '5', 'OCTUBRE', '62'),
(118, '6', 'OCTUBRE', '97'),
(119, '7', 'OCTUBRE', '70'),
(120, '8', 'OCTUBRE', '81'),
(121, '9', 'OCTUBRE', '18'),
(122, '10', 'OCTUBRE', '18'),
(123, '11', 'OCTUBRE', '38'),
(124, '12', 'OCTUBRE', '12'),
(125, '13', 'OCTUBRE', '27'),
(126, '14', 'OCTUBRE', '56'),
(127, '15', 'OCTUBRE', '58'),
(128, '16', 'OCTUBRE', '53'),
(129, '17', 'OCTUBRE', '70'),
(130, '18', 'OCTUBRE', '50'),
(131, '19', 'OCTUBRE', '54'),
(132, '20', 'OCTUBRE', '13'),
(133, '21', 'OCTUBRE', '30'),
(134, '22', 'OCTUBRE', '88'),
(135, '23', 'OCTUBRE', '24'),
(136, '24', 'OCTUBRE', '53'),
(137, '25', 'OCTUBRE', '56'),
(138, '26', 'OCTUBRE', '30'),
(139, '27', 'OCTUBRE', '45'),
(140, '28', 'OCTUBRE', '79');

-- --------------------------------------------------------

--
-- Estructura de tabla para la tabla `ind3`
--

CREATE TABLE `ind3` (
  `id` int(11) NOT NULL,
  `dia` varchar(1000) NOT NULL,
  `mes` varchar(1000) NOT NULL,
  `opinion` varchar(1000) NOT NULL
) ENGINE=InnoDB DEFAULT CHARSET=utf8mb4 COLLATE=utf8mb4_unicode_ci;

--
-- Volcado de datos para la tabla `ind3`
--

INSERT INTO `ind3` (`id`, `dia`, `mes`, `opinion`) VALUES
(1, '1', 'JUNIO', 'BUENO'),
(2, '1', 'JUNIO', 'BUENO'),
(3, '2', 'JUNIO', 'BUENO'),
(4, '2', 'JUNIO', 'BUENO'),
(5, '2', 'JUNIO', 'BUENO'),
(6, '2', 'JUNIO', 'BUENO'),
(7, '2', 'JUNIO', 'BUENO'),
(8, '2', 'JUNIO', 'BUENO'),
(9, '2', 'JUNIO', 'BUENO'),
(10, '3', 'JUNIO', 'BUENO'),
(11, '3', 'JUNIO', 'BUENO'),
(12, '3', 'JUNIO', 'BUENO'),
(13, '3', 'JUNIO', 'BUENO'),
(14, '3', 'JUNIO', 'BUENO'),
(15, '3', 'JUNIO', 'BUENO'),
(16, '3', 'JUNIO', 'BUENO'),
(17, '3', 'JUNIO', 'BUENO'),
(18, '3', 'JUNIO', 'BUENO'),
(19, '4', 'JUNIO', 'BUENO'),
(20, '4', 'JUNIO', 'BUENO'),
(21, '4', 'JUNIO', 'BUENO'),
(22, '4', 'JUNIO', 'BUENO'),
(23, '5', 'JUNIO', 'BUENO'),
(24, '5', 'JUNIO', 'BUENO'),
(25, '5', 'JUNIO', 'REGULAR'),
(26, '6', 'JUNIO', 'BUENO'),
(27, '6', 'JUNIO', 'BUENO'),
(28, '6', 'JUNIO', 'BUENO'),
(29, '6', 'JUNIO', 'BUENO'),
(30, '6', 'JUNIO', 'BUENO'),
(31, '7', 'JUNIO', 'BUENO'),
(32, '7', 'JUNIO', 'BUENO'),
(33, '7', 'JUNIO', 'BUENO'),
(34, '8', 'JUNIO', 'BUENO'),
(35, '8', 'JUNIO', 'BUENO'),
(36, '8', 'JUNIO', 'BUENO'),
(37, '8', 'JUNIO', 'BUENO'),
(38, '8', 'JUNIO', 'BUENO'),
(39, '8', 'JUNIO', 'BUENO'),
(40, '8', 'JUNIO', 'BUENO'),
(41, '8', 'JUNIO', 'BUENO'),
(42, '8', 'JUNIO', 'BUENO'),
(43, '9', 'JUNIO', 'BUENO'),
(44, '9', 'JUNIO', 'BUENO'),
(45, '9', 'JUNIO', 'BUENO'),
(46, '9', 'JUNIO', 'BUENO'),
(47, '9', 'JUNIO', 'BUENO'),
(48, '10', 'JUNIO', 'BUENO'),
(49, '10', 'JUNIO', 'BUENO'),
(50, '10', 'JUNIO', 'BUENO'),
(51, '10', 'JUNIO', 'BUENO'),
(52, '10', 'JUNIO', 'BUENO'),
(53, '10', 'JUNIO', 'BUENO'),
(54, '10', 'JUNIO', 'BUENO'),
(55, '10', 'JUNIO', 'REGULAR'),
(56, '10', 'JUNIO', 'REGULAR'),
(57, '11', 'JUNIO', 'BUENO'),
(58, '11', 'JUNIO', 'REGULAR'),
(59, '11', 'JUNIO', 'REGULAR'),
(60, '11', 'JUNIO', 'REGULAR'),
(61, '12', 'JUNIO', 'BUENO'),
(62, '12', 'JUNIO', 'BUENO'),
(63, '12', 'JUNIO', 'BUENO'),
(64, '12', 'JUNIO', 'BUENO'),
(65, '12', 'JUNIO', 'BUENO'),
(66, '12', 'JUNIO', 'BUENO'),
(67, '12', 'JUNIO', 'BUENO'),
(68, '12', 'JUNIO', 'BUENO'),
(69, '12', 'JUNIO', 'BUENO'),
(70, '12', 'JUNIO', 'REGULAR'),
(71, '12', 'JUNIO', 'REGULAR'),
(72, '13', 'JUNIO', 'BUENO'),
(73, '13', 'JUNIO', 'BUENO'),
(74, '13', 'JUNIO', 'BUENO'),
(75, '13', 'JUNIO', 'BUENO'),
(76, '13', 'JUNIO', 'BUENO'),
(77, '13', 'JUNIO', 'BUENO'),
(78, '13', 'JUNIO', 'BUENO'),
(79, '13', 'JUNIO', 'BUENO'),
(80, '13', 'JUNIO', 'BUENO'),
(81, '14', 'JUNIO', 'BUENO'),
(82, '14', 'JUNIO', 'BUENO'),
(83, '14', 'JUNIO', 'BUENO'),
(84, '14', 'JUNIO', 'BUENO'),
(85, '14', 'JUNIO', 'BUENO'),
(86, '14', 'JUNIO', 'BUENO'),
(87, '14', 'JUNIO', 'BUENO'),
(88, '14', 'JUNIO', 'BUENO'),
(89, '15', 'JUNIO', 'BUENO'),
(90, '15', 'JUNIO', 'BUENO'),
(91, '15', 'JUNIO', 'BUENO'),
(92, '15', 'JUNIO', 'BUENO'),
(93, '15', 'JUNIO', 'BUENO'),
(94, '15', 'JUNIO', 'BUENO'),
(95, '15', 'JUNIO', 'BUENO'),
(96, '15', 'JUNIO', 'BUENO'),
(97, '16', 'JUNIO', 'BUENO'),
(98, '16', 'JUNIO', 'BUENO'),
(99, '16', 'JUNIO', 'BUENO'),
(100, '16', 'JUNIO', 'BUENO'),
(101, '16', 'JUNIO', 'BUENO'),
(102, '16', 'JUNIO', 'REGULAR'),
(103, '17', 'JUNIO', 'BUENO'),
(104, '17', 'JUNIO', 'BUENO'),
(105, '17', 'JUNIO', 'BUENO'),
(106, '17', 'JUNIO', 'BUENO'),
(107, '17', 'JUNIO', 'BUENO'),
(108, '17', 'JUNIO', 'BUENO'),
(109, '17', 'JUNIO', 'REGULAR'),
(110, '17', 'JUNIO', 'REGULAR'),
(111, '18', 'JUNIO', 'BUENO'),
(112, '18', 'JUNIO', 'BUENO'),
(113, '18', 'JUNIO', 'BUENO'),
(114, '18', 'JUNIO', 'BUENO'),
(115, '18', 'JUNIO', 'BUENO'),
(116, '18', 'JUNIO', 'BUENO'),
(117, '18', 'JUNIO', 'BUENO'),
(118, '18', 'JUNIO', 'BUENO'),
(119, '19', 'JUNIO', 'BUENO'),
(120, '19', 'JUNIO', 'BUENO'),
(121, '19', 'JUNIO', 'BUENO'),
(122, '19', 'JUNIO', 'BUENO'),
(123, '19', 'JUNIO', 'BUENO'),
(124, '19', 'JUNIO', 'BUENO'),
(125, '19', 'JUNIO', 'BUENO'),
(126, '19', 'JUNIO', 'BUENO'),
(127, '19', 'JUNIO', 'REGULAR'),
(128, '19', 'JUNIO', 'REGULAR'),
(129, '20', 'JUNIO', 'BUENO'),
(130, '20', 'JUNIO', 'BUENO'),
(131, '21', 'JUNIO', 'BUENO'),
(132, '21', 'JUNIO', 'BUENO'),
(133, '21', 'JUNIO', 'BUENO'),
(134, '21', 'JUNIO', 'REGULAR'),
(135, '22', 'JUNIO', 'BUENO'),
(136, '22', 'JUNIO', 'BUENO'),
(137, '22', 'JUNIO', 'BUENO'),
(138, '22', 'JUNIO', 'BUENO'),
(139, '22', 'JUNIO', 'BUENO'),
(140, '22', 'JUNIO', 'BUENO'),
(141, '22', 'JUNIO', 'BUENO'),
(142, '22', 'JUNIO', 'BUENO'),
(143, '23', 'JUNIO', 'BUENO'),
(144, '23', 'JUNIO', 'BUENO'),
(145, '23', 'JUNIO', 'BUENO'),
(146, '23', 'JUNIO', 'BUENO'),
(147, '23', 'JUNIO', 'BUENO'),
(148, '23', 'JUNIO', 'BUENO'),
(149, '23', 'JUNIO', 'BUENO'),
(150, '23', 'JUNIO', 'BUENO'),
(151, '24', 'JUNIO', 'BUENO'),
(152, '24', 'JUNIO', 'BUENO'),
(153, '24', 'JUNIO', 'BUENO'),
(154, '24', 'JUNIO', 'BUENO'),
(155, '24', 'JUNIO', 'BUENO'),
(156, '24', 'JUNIO', 'BUENO'),
(157, '24', 'JUNIO', 'BUENO'),
(158, '24', 'JUNIO', 'REGULAR'),
(159, '25', 'JUNIO', 'BUENO'),
(160, '25', 'JUNIO', 'BUENO'),
(161, '25', 'JUNIO', 'REGULAR'),
(162, '25', 'JUNIO', 'REGULAR'),
(163, '26', 'JUNIO', 'BUENO'),
(164, '26', 'JUNIO', 'REGULAR'),
(165, '27', 'JUNIO', 'BUENO'),
(166, '27', 'JUNIO', 'BUENO'),
(167, '27', 'JUNIO', 'BUENO'),
(168, '27', 'JUNIO', 'BUENO'),
(169, '27', 'JUNIO', 'BUENO'),
(170, '27', 'JUNIO', 'BUENO'),
(171, '27', 'JUNIO', 'BUENO'),
(172, '28', 'JUNIO', 'BUENO'),
(173, '28', 'JUNIO', 'BUENO'),
(174, '28', 'JUNIO', 'BUENO'),
(175, '28', 'JUNIO', 'BUENO'),
(176, '28', 'JUNIO', 'BUENO'),
(177, '1', 'JULIO', 'BUENO'),
(178, '1', 'JULIO', 'BUENO'),
(179, '1', 'JULIO', 'BUENO'),
(180, '1', 'JULIO', 'BUENO'),
(181, '1', 'JULIO', 'REGULAR'),
(182, '1', 'JULIO', 'REGULAR'),
(183, '1', 'JULIO', 'REGULAR'),
(184, '2', 'JULIO', 'BUENO'),
(185, '2', 'JULIO', 'REGULAR'),
(186, '2', 'JULIO', 'REGULAR'),
(187, '2', 'JULIO', 'REGULAR'),
(188, '3', 'JULIO', 'BUENO'),
(189, '3', 'JULIO', 'BUENO'),
(190, '3', 'JULIO', 'BUENO'),
(191, '3', 'JULIO', 'BUENO'),
(192, '4', 'JULIO', 'BUENO'),
(193, '4', 'JULIO', 'BUENO'),
(194, '4', 'JULIO', 'BUENO'),
(195, '4', 'JULIO', 'BUENO'),
(196, '4', 'JULIO', 'BUENO'),
(197, '4', 'JULIO', 'BUENO'),
(198, '4', 'JULIO', 'REGULAR'),
(199, '4', 'JULIO', 'REGULAR'),
(200, '5', 'JULIO', 'BUENO'),
(201, '5', 'JULIO', 'BUENO'),
(202, '5', 'JULIO', 'BUENO'),
(203, '5', 'JULIO', 'BUENO'),
(204, '5', 'JULIO', 'BUENO'),
(205, '5', 'JULIO', 'BUENO'),
(206, '5', 'JULIO', 'BUENO'),
(207, '6', 'JULIO', 'BUENO'),
(208, '6', 'JULIO', 'BUENO'),
(209, '6', 'JULIO', 'REGULAR'),
(210, '6', 'JULIO', 'REGULAR'),
(211, '6', 'JULIO', 'REGULAR'),
(212, '7', 'JULIO', 'BUENO'),
(213, '7', 'JULIO', 'BUENO'),
(214, '7', 'JULIO', 'BUENO'),
(215, '7', 'JULIO', 'BUENO'),
(216, '7', 'JULIO', 'REGULAR'),
(217, '8', 'JULIO', 'BUENO'),
(218, '8', 'JULIO', 'BUENO'),
(219, '8', 'JULIO', 'BUENO'),
(220, '8', 'JULIO', 'BUENO'),
(221, '8', 'JULIO', 'REGULAR'),
(222, '8', 'JULIO', 'REGULAR'),
(223, '8', 'JULIO', 'REGULAR'),
(224, '9', 'JULIO', 'BUENO'),
(225, '9', 'JULIO', 'BUENO'),
(226, '9', 'JULIO', 'BUENO'),
(227, '9', 'JULIO', 'BUENO'),
(228, '9', 'JULIO', 'BUENO'),
(229, '9', 'JULIO', 'BUENO'),
(230, '9', 'JULIO', 'BUENO'),
(231, '10', 'JULIO', 'BUENO'),
(232, '10', 'JULIO', 'BUENO'),
(233, '11', 'JULIO', 'BUENO'),
(234, '11', 'JULIO', 'BUENO'),
(235, '11', 'JULIO', 'BUENO'),
(236, '11', 'JULIO', 'BUENO'),
(237, '11', 'JULIO', 'BUENO'),
(238, '11', 'JULIO', 'BUENO'),
(239, '11', 'JULIO', 'BUENO'),
(240, '11', 'JULIO', 'BUENO'),
(241, '11', 'JULIO', 'REGULAR'),
(242, '12', 'JULIO', 'BUENO'),
(243, '12', 'JULIO', 'BUENO'),
(244, '12', 'JULIO', 'BUENO'),
(245, '12', 'JULIO', 'BUENO'),
(246, '12', 'JULIO', 'BUENO'),
(247, '12', 'JULIO', 'BUENO'),
(248, '12', 'JULIO', 'BUENO'),
(249, '12', 'JULIO', 'REGULAR'),
(250, '12', 'JULIO', 'REGULAR'),
(251, '12', 'JULIO', 'REGULAR'),
(252, '13', 'JULIO', 'BUENO'),
(253, '13', 'JULIO', 'BUENO'),
(254, '13', 'JULIO', 'BUENO'),
(255, '13', 'JULIO', 'BUENO'),
(256, '13', 'JULIO', 'BUENO'),
(257, '13', 'JULIO', 'BUENO'),
(258, '13', 'JULIO', 'BUENO'),
(259, '13', 'JULIO', 'REGULAR'),
(260, '14', 'JULIO', 'BUENO'),
(261, '14', 'JULIO', 'REGULAR'),
(262, '14', 'JULIO', 'REGULAR'),
(263, '15', 'JULIO', 'BUENO'),
(264, '15', 'JULIO', 'BUENO'),
(265, '15', 'JULIO', 'BUENO'),
(266, '15', 'JULIO', 'BUENO'),
(267, '15', 'JULIO', 'REGULAR'),
(268, '15', 'JULIO', 'REGULAR'),
(269, '16', 'JULIO', 'BUENO'),
(270, '16', 'JULIO', 'BUENO'),
(271, '16', 'JULIO', 'BUENO'),
(272, '16', 'JULIO', 'BUENO'),
(273, '16', 'JULIO', 'BUENO'),
(274, '16', 'JULIO', 'BUENO'),
(275, '16', 'JULIO', 'BUENO'),
(276, '16', 'JULIO', 'BUENO'),
(277, '16', 'JULIO', 'BUENO'),
(278, '16', 'JULIO', 'REGULAR'),
(279, '17', 'JULIO', 'BUENO'),
(280, '17', 'JULIO', 'BUENO'),
(281, '17', 'JULIO', 'BUENO'),
(282, '17', 'JULIO', 'BUENO'),
(283, '17', 'JULIO', 'BUENO'),
(284, '17', 'JULIO', 'BUENO'),
(285, '17', 'JULIO', 'BUENO'),
(286, '17', 'JULIO', 'BUENO'),
(287, '17', 'JULIO', 'BUENO'),
(288, '18', 'JULIO', 'BUENO'),
(289, '18', 'JULIO', 'BUENO'),
(290, '18', 'JULIO', 'BUENO'),
(291, '19', 'JULIO', 'BUENO'),
(292, '20', 'JULIO', 'BUENO'),
(293, '20', 'JULIO', 'BUENO'),
(294, '20', 'JULIO', 'BUENO'),
(295, '20', 'JULIO', 'BUENO'),
(296, '20', 'JULIO', 'BUENO'),
(297, '20', 'JULIO', 'REGULAR'),
(298, '20', 'JULIO', 'REGULAR'),
(299, '21', 'JULIO', 'BUENO'),
(300, '21', 'JULIO', 'BUENO'),
(301, '21', 'JULIO', 'REGULAR'),
(302, '21', 'JULIO', 'REGULAR'),
(303, '22', 'JULIO', 'BUENO'),
(304, '22', 'JULIO', 'BUENO'),
(305, '22', 'JULIO', 'BUENO'),
(306, '22', 'JULIO', 'REGULAR'),
(307, '22', 'JULIO', 'REGULAR'),
(308, '22', 'JULIO', 'REGULAR'),
(309, '23', 'JULIO', 'BUENO'),
(310, '23', 'JULIO', 'BUENO'),
(311, '23', 'JULIO', 'BUENO'),
(312, '23', 'JULIO', 'BUENO'),
(313, '23', 'JULIO', 'REGULAR'),
(314, '23', 'JULIO', 'REGULAR'),
(315, '23', 'JULIO', 'REGULAR'),
(316, '24', 'JULIO', 'BUENO'),
(317, '24', 'JULIO', 'REGULAR'),
(318, '25', 'JULIO', 'BUENO'),
(319, '25', 'JULIO', 'REGULAR'),
(320, '25', 'JULIO', 'REGULAR'),
(321, '25', 'JULIO', 'REGULAR'),
(322, '26', 'JULIO', 'BUENO'),
(323, '26', 'JULIO', 'BUENO'),
(324, '27', 'JULIO', 'BUENO'),
(325, '27', 'JULIO', 'BUENO'),
(326, '27', 'JULIO', 'BUENO'),
(327, '27', 'JULIO', 'BUENO'),
(328, '27', 'JULIO', 'BUENO'),
(329, '27', 'JULIO', 'BUENO'),
(330, '27', 'JULIO', 'BUENO'),
(331, '27', 'JULIO', 'BUENO'),
(332, '27', 'JULIO', 'BUENO'),
(333, '27', 'JULIO', 'REGULAR'),
(334, '27', 'JULIO', 'REGULAR'),
(335, '28', 'JULIO', 'BUENO'),
(336, '28', 'JULIO', 'BUENO'),
(337, '28', 'JULIO', 'BUENO'),
(338, '28', 'JULIO', 'BUENO'),
(339, '28', 'JULIO', 'BUENO'),
(340, '28', 'JULIO', 'BUENO'),
(341, '28', 'JULIO', 'BUENO'),
(342, '28', 'JULIO', 'BUENO'),
(343, '28', 'JULIO', 'REGULAR'),
(344, '28', 'JULIO', 'REGULAR'),
(345, '1', 'AGOSTO', 'BUENO'),
(346, '1', 'AGOSTO', 'BUENO'),
(347, '1', 'AGOSTO', 'BUENO'),
(348, '1', 'AGOSTO', 'BUENO'),
(349, '1', 'AGOSTO', 'BUENO'),
(350, '1', 'AGOSTO', 'BUENO'),
(351, '1', 'AGOSTO', 'REGULAR'),
(352, '2', 'AGOSTO', 'BUENO'),
(353, '3', 'AGOSTO', 'BUENO'),
(354, '3', 'AGOSTO', 'REGULAR'),
(355, '3', 'AGOSTO', 'REGULAR'),
(356, '4', 'AGOSTO', 'BUENO'),
(357, '4', 'AGOSTO', 'BUENO'),
(358, '4', 'AGOSTO', 'BUENO'),
(359, '4', 'AGOSTO', 'BUENO'),
(360, '4', 'AGOSTO', 'BUENO'),
(361, '4', 'AGOSTO', 'BUENO'),
(362, '4', 'AGOSTO', 'BUENO'),
(363, '4', 'AGOSTO', 'BUENO'),
(364, '4', 'AGOSTO', 'REGULAR'),
(365, '5', 'AGOSTO', 'BUENO'),
(366, '5', 'AGOSTO', 'BUENO'),
(367, '5', 'AGOSTO', 'BUENO'),
(368, '5', 'AGOSTO', 'BUENO'),
(369, '5', 'AGOSTO', 'BUENO'),
(370, '5', 'AGOSTO', 'BUENO'),
(371, '5', 'AGOSTO', 'BUENO'),
(372, '5', 'AGOSTO', 'BUENO'),
(373, '6', 'AGOSTO', 'BUENO'),
(374, '6', 'AGOSTO', 'BUENO'),
(375, '6', 'AGOSTO', 'BUENO'),
(376, '6', 'AGOSTO', 'BUENO'),
(377, '6', 'AGOSTO', 'BUENO'),
(378, '6', 'AGOSTO', 'BUENO'),
(379, '6', 'AGOSTO', 'BUENO'),
(380, '6', 'AGOSTO', 'REGULAR'),
(381, '6', 'AGOSTO', 'REGULAR'),
(382, '7', 'AGOSTO', 'BUENO'),
(383, '7', 'AGOSTO', 'BUENO'),
(384, '7', 'AGOSTO', 'BUENO'),
(385, '7', 'AGOSTO', 'BUENO'),
(386, '7', 'AGOSTO', 'BUENO'),
(387, '7', 'AGOSTO', 'BUENO'),
(388, '7', 'AGOSTO', 'BUENO'),
(389, '7', 'AGOSTO', 'BUENO'),
(390, '7', 'AGOSTO', 'BUENO'),
(391, '8', 'AGOSTO', 'BUENO'),
(392, '8', 'AGOSTO', 'BUENO'),
(393, '8', 'AGOSTO', 'BUENO'),
(394, '8', 'AGOSTO', 'BUENO'),
(395, '8', 'AGOSTO', 'REGULAR'),
(396, '9', 'AGOSTO', 'BUENO'),
(397, '9', 'AGOSTO', 'BUENO'),
(398, '9', 'AGOSTO', 'BUENO'),
(399, '9', 'AGOSTO', 'BUENO'),
(400, '10', 'AGOSTO', 'BUENO'),
(401, '10', 'AGOSTO', 'BUENO'),
(402, '10', 'AGOSTO', 'BUENO'),
(403, '10', 'AGOSTO', 'REGULAR'),
(404, '10', 'AGOSTO', 'REGULAR'),
(405, '11', 'AGOSTO', 'BUENO'),
(406, '11', 'AGOSTO', 'BUENO'),
(407, '11', 'AGOSTO', 'REGULAR'),
(408, '11', 'AGOSTO', 'REGULAR'),
(409, '11', 'AGOSTO', 'REGULAR'),
(410, '12', 'AGOSTO', 'BUENO'),
(411, '12', 'AGOSTO', 'BUENO'),
(412, '12', 'AGOSTO', 'BUENO'),
(413, '12', 'AGOSTO', 'BUENO'),
(414, '12', 'AGOSTO', 'BUENO'),
(415, '12', 'AGOSTO', 'BUENO'),
(416, '12', 'AGOSTO', 'BUENO'),
(417, '12', 'AGOSTO', 'BUENO'),
(418, '12', 'AGOSTO', 'REGULAR'),
(419, '12', 'AGOSTO', 'REGULAR'),
(420, '12', 'AGOSTO', 'REGULAR'),
(421, '13', 'AGOSTO', 'BUENO'),
(422, '13', 'AGOSTO', 'REGULAR'),
(423, '14', 'AGOSTO', 'BUENO'),
(424, '14', 'AGOSTO', 'BUENO'),
(425, '14', 'AGOSTO', 'BUENO'),
(426, '14', 'AGOSTO', 'BUENO'),
(427, '14', 'AGOSTO', 'BUENO'),
(428, '14', 'AGOSTO', 'BUENO'),
(429, '15', 'AGOSTO', 'BUENO'),
(430, '15', 'AGOSTO', 'BUENO'),
(431, '15', 'AGOSTO', 'BUENO'),
(432, '15', 'AGOSTO', 'BUENO'),
(433, '15', 'AGOSTO', 'BUENO'),
(434, '15', 'AGOSTO', 'BUENO'),
(435, '15', 'AGOSTO', 'REGULAR'),
(436, '16', 'AGOSTO', 'BUENO'),
(437, '16', 'AGOSTO', 'REGULAR'),
(438, '16', 'AGOSTO', 'REGULAR'),
(439, '16', 'AGOSTO', 'REGULAR'),
(440, '17', 'AGOSTO', 'BUENO'),
(441, '17', 'AGOSTO', 'BUENO'),
(442, '17', 'AGOSTO', 'BUENO'),
(443, '18', 'AGOSTO', 'BUENO'),
(444, '19', 'AGOSTO', 'BUENO'),
(445, '19', 'AGOSTO', 'BUENO'),
(446, '19', 'AGOSTO', 'BUENO'),
(447, '19', 'AGOSTO', 'BUENO'),
(448, '19', 'AGOSTO', 'BUENO'),
(449, '19', 'AGOSTO', 'BUENO'),
(450, '19', 'AGOSTO', 'BUENO'),
(451, '19', 'AGOSTO', 'BUENO'),
(452, '20', 'AGOSTO', 'BUENO'),
(453, '20', 'AGOSTO', 'BUENO'),
(454, '20', 'AGOSTO', 'BUENO'),
(455, '20', 'AGOSTO', 'REGULAR'),
(456, '20', 'AGOSTO', 'REGULAR'),
(457, '20', 'AGOSTO', 'REGULAR'),
(458, '21', 'AGOSTO', 'BUENO'),
(459, '21', 'AGOSTO', 'BUENO'),
(460, '21', 'AGOSTO', 'BUENO'),
(461, '21', 'AGOSTO', 'BUENO'),
(462, '21', 'AGOSTO', 'REGULAR'),
(463, '22', 'AGOSTO', 'BUENO'),
(464, '22', 'AGOSTO', 'BUENO'),
(465, '22', 'AGOSTO', 'BUENO'),
(466, '22', 'AGOSTO', 'BUENO'),
(467, '22', 'AGOSTO', 'BUENO'),
(468, '22', 'AGOSTO', 'BUENO'),
(469, '22', 'AGOSTO', 'BUENO'),
(470, '22', 'AGOSTO', 'BUENO'),
(471, '22', 'AGOSTO', 'BUENO'),
(472, '22', 'AGOSTO', 'REGULAR'),
(473, '22', 'AGOSTO', 'REGULAR'),
(474, '22', 'AGOSTO', 'REGULAR'),
(475, '23', 'AGOSTO', 'BUENO'),
(476, '23', 'AGOSTO', 'BUENO'),
(477, '23', 'AGOSTO', 'BUENO'),
(478, '23', 'AGOSTO', 'REGULAR'),
(479, '23', 'AGOSTO', 'REGULAR'),
(480, '24', 'AGOSTO', 'BUENO'),
(481, '24', 'AGOSTO', 'BUENO'),
(482, '24', 'AGOSTO', 'BUENO'),
(483, '24', 'AGOSTO', 'BUENO'),
(484, '24', 'AGOSTO', 'BUENO'),
(485, '24', 'AGOSTO', 'BUENO'),
(486, '24', 'AGOSTO', 'REGULAR'),
(487, '24', 'AGOSTO', 'REGULAR'),
(488, '25', 'AGOSTO', 'BUENO'),
(489, '25', 'AGOSTO', 'BUENO'),
(490, '25', 'AGOSTO', 'BUENO'),
(491, '25', 'AGOSTO', 'BUENO'),
(492, '25', 'AGOSTO', 'BUENO'),
(493, '25', 'AGOSTO', 'BUENO'),
(494, '25', 'AGOSTO', 'BUENO'),
(495, '25', 'AGOSTO', 'BUENO'),
(496, '25', 'AGOSTO', 'REGULAR'),
(497, '25', 'AGOSTO', 'REGULAR'),
(498, '25', 'AGOSTO', 'REGULAR'),
(499, '26', 'AGOSTO', 'BUENO'),
(500, '26', 'AGOSTO', 'REGULAR'),
(501, '27', 'AGOSTO', 'BUENO'),
(502, '28', 'AGOSTO', 'BUENO'),
(503, '28', 'AGOSTO', 'BUENO'),
(504, '28', 'AGOSTO', 'BUENO'),
(505, '28', 'AGOSTO', 'BUENO'),
(506, '28', 'AGOSTO', 'BUENO'),
(507, '28', 'AGOSTO', 'BUENO'),
(508, '28', 'AGOSTO', 'BUENO'),
(509, '28', 'AGOSTO', 'BUENO'),
(510, '28', 'AGOSTO', 'BUENO'),
(511, '28', 'AGOSTO', 'REGULAR'),
(512, '28', 'AGOSTO', 'REGULAR'),
(513, '28', 'AGOSTO', 'REGULAR'),
(514, '1', 'SETIEMBRE', 'BUENO'),
(515, '1', 'SETIEMBRE', 'BUENO'),
(516, '1', 'SETIEMBRE', 'BUENO'),
(517, '1', 'SETIEMBRE', 'REGULAR'),
(518, '1', 'SETIEMBRE', 'REGULAR'),
(519, '1', 'SETIEMBRE', 'REGULAR'),
(520, '2', 'SETIEMBRE', 'BUENO'),
(521, '2', 'SETIEMBRE', 'REGULAR'),
(522, '3', 'SETIEMBRE', 'BUENO'),
(523, '3', 'SETIEMBRE', 'REGULAR'),
(524, '3', 'SETIEMBRE', 'REGULAR'),
(525, '4', 'SETIEMBRE', 'BUENO'),
(526, '4', 'SETIEMBRE', 'BUENO'),
(527, '4', 'SETIEMBRE', 'BUENO'),
(528, '4', 'SETIEMBRE', 'BUENO'),
(529, '4', 'SETIEMBRE', 'BUENO'),
(530, '4', 'SETIEMBRE', 'BUENO'),
(531, '4', 'SETIEMBRE', 'BUENO'),
(532, '4', 'SETIEMBRE', 'REGULAR'),
(533, '4', 'SETIEMBRE', 'REGULAR'),
(534, '5', 'SETIEMBRE', 'BUENO'),
(535, '5', 'SETIEMBRE', 'BUENO'),
(536, '5', 'SETIEMBRE', 'BUENO'),
(537, '5', 'SETIEMBRE', 'BUENO'),
(538, '5', 'SETIEMBRE', 'BUENO'),
(539, '5', 'SETIEMBRE', 'BUENO'),
(540, '5', 'SETIEMBRE', 'BUENO'),
(541, '5', 'SETIEMBRE', 'BUENO'),
(542, '5', 'SETIEMBRE', 'REGULAR'),
(543, '5', 'SETIEMBRE', 'REGULAR'),
(544, '6', 'SETIEMBRE', 'BUENO'),
(545, '6', 'SETIEMBRE', 'BUENO'),
(546, '6', 'SETIEMBRE', 'BUENO'),
(547, '6', 'SETIEMBRE', 'BUENO'),
(548, '6', 'SETIEMBRE', 'BUENO'),
(549, '6', 'SETIEMBRE', 'BUENO'),
(550, '6', 'SETIEMBRE', 'BUENO'),
(551, '6', 'SETIEMBRE', 'REGULAR'),
(552, '6', 'SETIEMBRE', 'REGULAR'),
(553, '6', 'SETIEMBRE', 'REGULAR'),
(554, '7', 'SETIEMBRE', 'BUENO'),
(555, '7', 'SETIEMBRE', 'REGULAR'),
(556, '8', 'SETIEMBRE', 'BUENO'),
(557, '8', 'SETIEMBRE', 'BUENO'),
(558, '8', 'SETIEMBRE', 'BUENO'),
(559, '8', 'SETIEMBRE', 'BUENO'),
(560, '8', 'SETIEMBRE', 'REGULAR'),
(561, '8', 'SETIEMBRE', 'REGULAR'),
(562, '9', 'SETIEMBRE', 'BUENO'),
(563, '9', 'SETIEMBRE', 'BUENO'),
(564, '9', 'SETIEMBRE', 'BUENO'),
(565, '9', 'SETIEMBRE', 'REGULAR'),
(566, '9', 'SETIEMBRE', 'REGULAR'),
(567, '10', 'SETIEMBRE', 'BUENO'),
(568, '10', 'SETIEMBRE', 'BUENO'),
(569, '11', 'SETIEMBRE', 'BUENO'),
(570, '11', 'SETIEMBRE', 'REGULAR'),
(571, '12', 'SETIEMBRE', 'BUENO'),
(572, '12', 'SETIEMBRE', 'BUENO'),
(573, '12', 'SETIEMBRE', 'BUENO'),
(574, '12', 'SETIEMBRE', 'BUENO'),
(575, '12', 'SETIEMBRE', 'REGULAR'),
(576, '13', 'SETIEMBRE', 'BUENO'),
(577, '13', 'SETIEMBRE', 'BUENO'),
(578, '13', 'SETIEMBRE', 'BUENO'),
(579, '13', 'SETIEMBRE', 'BUENO'),
(580, '13', 'SETIEMBRE', 'REGULAR'),
(581, '13', 'SETIEMBRE', 'REGULAR'),
(582, '14', 'SETIEMBRE', 'BUENO'),
(583, '14', 'SETIEMBRE', 'BUENO'),
(584, '14', 'SETIEMBRE', 'BUENO'),
(585, '14', 'SETIEMBRE', 'BUENO'),
(586, '14', 'SETIEMBRE', 'BUENO'),
(587, '15', 'SETIEMBRE', 'BUENO'),
(588, '15', 'SETIEMBRE', 'BUENO'),
(589, '15', 'SETIEMBRE', 'BUENO'),
(590, '15', 'SETIEMBRE', 'BUENO'),
(591, '15', 'SETIEMBRE', 'REGULAR'),
(592, '15', 'SETIEMBRE', 'REGULAR'),
(593, '16', 'SETIEMBRE', 'BUENO'),
(594, '16', 'SETIEMBRE', 'BUENO'),
(595, '16', 'SETIEMBRE', 'BUENO'),
(596, '16', 'SETIEMBRE', 'BUENO'),
(597, '16', 'SETIEMBRE', 'BUENO'),
(598, '16', 'SETIEMBRE', 'BUENO'),
(599, '16', 'SETIEMBRE', 'BUENO'),
(600, '16', 'SETIEMBRE', 'BUENO'),
(601, '16', 'SETIEMBRE', 'REGULAR'),
(602, '16', 'SETIEMBRE', 'REGULAR'),
(603, '16', 'SETIEMBRE', 'REGULAR'),
(604, '17', 'SETIEMBRE', 'BUENO'),
(605, '18', 'SETIEMBRE', 'BUENO'),
(606, '18', 'SETIEMBRE', 'BUENO'),
(607, '18', 'SETIEMBRE', 'BUENO'),
(608, '18', 'SETIEMBRE', 'BUENO'),
(609, '18', 'SETIEMBRE', 'BUENO'),
(610, '18', 'SETIEMBRE', 'BUENO'),
(611, '18', 'SETIEMBRE', 'BUENO'),
(612, '18', 'SETIEMBRE', 'REGULAR'),
(613, '18', 'SETIEMBRE', 'REGULAR'),
(614, '19', 'SETIEMBRE', 'BUENO'),
(615, '19', 'SETIEMBRE', 'BUENO'),
(616, '19', 'SETIEMBRE', 'REGULAR'),
(617, '19', 'SETIEMBRE', 'REGULAR'),
(618, '19', 'SETIEMBRE', 'REGULAR'),
(619, '20', 'SETIEMBRE', 'BUENO'),
(620, '20', 'SETIEMBRE', 'BUENO'),
(621, '20', 'SETIEMBRE', 'BUENO'),
(622, '20', 'SETIEMBRE', 'BUENO'),
(623, '20', 'SETIEMBRE', 'BUENO'),
(624, '20', 'SETIEMBRE', 'BUENO'),
(625, '21', 'SETIEMBRE', 'BUENO'),
(626, '21', 'SETIEMBRE', 'REGULAR'),
(627, '21', 'SETIEMBRE', 'REGULAR'),
(628, '22', 'SETIEMBRE', 'BUENO'),
(629, '22', 'SETIEMBRE', 'REGULAR'),
(630, '22', 'SETIEMBRE', 'REGULAR'),
(631, '22', 'SETIEMBRE', 'REGULAR'),
(632, '23', 'SETIEMBRE', 'BUENO'),
(633, '24', 'SETIEMBRE', 'BUENO'),
(634, '24', 'SETIEMBRE', 'BUENO'),
(635, '24', 'SETIEMBRE', 'BUENO'),
(636, '24', 'SETIEMBRE', 'BUENO'),
(637, '24', 'SETIEMBRE', 'BUENO'),
(638, '24', 'SETIEMBRE', 'BUENO'),
(639, '24', 'SETIEMBRE', 'BUENO'),
(640, '24', 'SETIEMBRE', 'BUENO'),
(641, '24', 'SETIEMBRE', 'REGULAR'),
(642, '24', 'SETIEMBRE', 'REGULAR'),
(643, '25', 'SETIEMBRE', 'BUENO'),
(644, '25', 'SETIEMBRE', 'REGULAR'),
(645, '25', 'SETIEMBRE', 'REGULAR'),
(646, '26', 'SETIEMBRE', 'BUENO'),
(647, '26', 'SETIEMBRE', 'BUENO'),
(648, '26', 'SETIEMBRE', 'BUENO'),
(649, '26', 'SETIEMBRE', 'BUENO'),
(650, '26', 'SETIEMBRE', 'BUENO'),
(651, '26', 'SETIEMBRE', 'BUENO'),
(652, '26', 'SETIEMBRE', 'REGULAR'),
(653, '27', 'SETIEMBRE', 'BUENO'),
(654, '27', 'SETIEMBRE', 'BUENO'),
(655, '27', 'SETIEMBRE', 'BUENO'),
(656, '27', 'SETIEMBRE', 'BUENO'),
(657, '27', 'SETIEMBRE', 'BUENO'),
(658, '27', 'SETIEMBRE', 'BUENO'),
(659, '27', 'SETIEMBRE', 'REGULAR'),
(660, '28', 'SETIEMBRE', 'BUENO'),
(661, '28', 'SETIEMBRE', 'BUENO'),
(662, '28', 'SETIEMBRE', 'BUENO'),
(663, '28', 'SETIEMBRE', 'BUENO'),
(664, '28', 'SETIEMBRE', 'BUENO'),
(665, '28', 'SETIEMBRE', 'BUENO'),
(666, '28', 'SETIEMBRE', 'BUENO'),
(667, '28', 'SETIEMBRE', 'BUENO'),
(668, '28', 'SETIEMBRE', 'REGULAR'),
(669, '1', 'OCTUBRE', 'BUENO'),
(670, '1', 'OCTUBRE', 'BUENO'),
(671, '2', 'OCTUBRE', 'BUENO'),
(672, '2', 'OCTUBRE', 'REGULAR'),
(673, '3', 'OCTUBRE', 'BUENO'),
(674, '3', 'OCTUBRE', 'BUENO'),
(675, '3', 'OCTUBRE', 'BUENO'),
(676, '3', 'OCTUBRE', 'BUENO'),
(677, '3', 'OCTUBRE', 'BUENO'),
(678, '3', 'OCTUBRE', 'BUENO'),
(679, '3', 'OCTUBRE', 'BUENO'),
(680, '4', 'OCTUBRE', 'BUENO'),
(681, '4', 'OCTUBRE', 'BUENO'),
(682, '4', 'OCTUBRE', 'REGULAR'),
(683, '4', 'OCTUBRE', 'REGULAR'),
(684, '4', 'OCTUBRE', 'REGULAR'),
(685, '5', 'OCTUBRE', 'BUENO'),
(686, '5', 'OCTUBRE', 'BUENO'),
(687, '5', 'OCTUBRE', 'BUENO'),
(688, '5', 'OCTUBRE', 'BUENO'),
(689, '5', 'OCTUBRE', 'BUENO'),
(690, '5', 'OCTUBRE', 'BUENO'),
(691, '5', 'OCTUBRE', 'BUENO'),
(692, '5', 'OCTUBRE', 'BUENO'),
(693, '5', 'OCTUBRE', 'BUENO'),
(694, '5', 'OCTUBRE', 'REGULAR'),
(695, '5', 'OCTUBRE', 'REGULAR'),
(696, '5', 'OCTUBRE', 'REGULAR'),
(697, '6', 'OCTUBRE', 'BUENO'),
(698, '6', 'OCTUBRE', 'BUENO'),
(699, '6', 'OCTUBRE', 'BUENO'),
(700, '6', 'OCTUBRE', 'BUENO'),
(701, '6', 'OCTUBRE', 'BUENO'),
(702, '6', 'OCTUBRE', 'BUENO'),
(703, '6', 'OCTUBRE', 'BUENO'),
(704, '6', 'OCTUBRE', 'BUENO'),
(705, '6', 'OCTUBRE', 'BUENO'),
(706, '6', 'OCTUBRE', 'REGULAR'),
(707, '7', 'OCTUBRE', 'BUENO'),
(708, '7', 'OCTUBRE', 'BUENO'),
(709, '7', 'OCTUBRE', 'REGULAR'),
(710, '7', 'OCTUBRE', 'REGULAR'),
(711, '7', 'OCTUBRE', 'REGULAR'),
(712, '8', 'OCTUBRE', 'BUENO'),
(713, '8', 'OCTUBRE', 'BUENO'),
(714, '8', 'OCTUBRE', 'BUENO'),
(715, '8', 'OCTUBRE', 'BUENO'),
(716, '8', 'OCTUBRE', 'BUENO'),
(717, '8', 'OCTUBRE', 'BUENO'),
(718, '8', 'OCTUBRE', 'REGULAR'),
(719, '8', 'OCTUBRE', 'REGULAR'),
(720, '8', 'OCTUBRE', 'REGULAR'),
(721, '9', 'OCTUBRE', 'BUENO'),
(722, '9', 'OCTUBRE', 'BUENO'),
(723, '9', 'OCTUBRE', 'BUENO'),
(724, '9', 'OCTUBRE', 'BUENO'),
(725, '9', 'OCTUBRE', 'BUENO'),
(726, '9', 'OCTUBRE', 'BUENO'),
(727, '9', 'OCTUBRE', 'BUENO'),
(728, '9', 'OCTUBRE', 'REGULAR'),
(729, '10', 'OCTUBRE', 'BUENO'),
(730, '10', 'OCTUBRE', 'REGULAR'),
(731, '10', 'OCTUBRE', 'REGULAR'),
(732, '11', 'OCTUBRE', 'BUENO'),
(733, '11', 'OCTUBRE', 'BUENO'),
(734, '11', 'OCTUBRE', 'BUENO'),
(735, '11', 'OCTUBRE', 'BUENO'),
(736, '11', 'OCTUBRE', 'BUENO'),
(737, '11', 'OCTUBRE', 'BUENO'),
(738, '11', 'OCTUBRE', 'BUENO'),
(739, '11', 'OCTUBRE', 'BUENO'),
(740, '11', 'OCTUBRE', 'REGULAR'),
(741, '11', 'OCTUBRE', 'REGULAR'),
(742, '11', 'OCTUBRE', 'REGULAR'),
(743, '12', 'OCTUBRE', 'BUENO'),
(744, '12', 'OCTUBRE', 'BUENO'),
(745, '12', 'OCTUBRE', 'REGULAR'),
(746, '12', 'OCTUBRE', 'REGULAR'),
(747, '12', 'OCTUBRE', 'REGULAR'),
(748, '13', 'OCTUBRE', 'BUENO'),
(749, '13', 'OCTUBRE', 'BUENO'),
(750, '13', 'OCTUBRE', 'BUENO'),
(751, '13', 'OCTUBRE', 'BUENO'),
(752, '14', 'OCTUBRE', 'BUENO'),
(753, '14', 'OCTUBRE', 'BUENO'),
(754, '14', 'OCTUBRE', 'BUENO'),
(755, '14', 'OCTUBRE', 'BUENO'),
(756, '14', 'OCTUBRE', 'BUENO'),
(757, '14', 'OCTUBRE', 'BUENO'),
(758, '14', 'OCTUBRE', 'BUENO'),
(759, '14', 'OCTUBRE', 'BUENO'),
(760, '14', 'OCTUBRE', 'REGULAR'),
(761, '15', 'OCTUBRE', 'BUENO'),
(762, '15', 'OCTUBRE', 'REGULAR'),
(763, '15', 'OCTUBRE', 'REGULAR'),
(764, '16', 'OCTUBRE', 'BUENO'),
(765, '16', 'OCTUBRE', 'BUENO'),
(766, '16', 'OCTUBRE', 'BUENO'),
(767, '16', 'OCTUBRE', 'BUENO'),
(768, '16', 'OCTUBRE', 'BUENO'),
(769, '16', 'OCTUBRE', 'BUENO'),
(770, '16', 'OCTUBRE', 'BUENO'),
(771, '16', 'OCTUBRE', 'BUENO'),
(772, '16', 'OCTUBRE', 'BUENO'),
(773, '16', 'OCTUBRE', 'REGULAR'),
(774, '17', 'OCTUBRE', 'BUENO'),
(775, '17', 'OCTUBRE', 'BUENO'),
(776, '17', 'OCTUBRE', 'BUENO'),
(777, '17', 'OCTUBRE', 'BUENO'),
(778, '17', 'OCTUBRE', 'BUENO'),
(779, '17', 'OCTUBRE', 'BUENO'),
(780, '17', 'OCTUBRE', 'BUENO'),
(781, '17', 'OCTUBRE', 'REGULAR'),
(782, '18', 'OCTUBRE', 'BUENO'),
(783, '18', 'OCTUBRE', 'BUENO'),
(784, '18', 'OCTUBRE', 'BUENO'),
(785, '18', 'OCTUBRE', 'BUENO'),
(786, '18', 'OCTUBRE', 'BUENO'),
(787, '18', 'OCTUBRE', 'BUENO'),
(788, '18', 'OCTUBRE', 'BUENO'),
(789, '18', 'OCTUBRE', 'BUENO'),
(790, '18', 'OCTUBRE', 'REGULAR'),
(791, '19', 'OCTUBRE', 'BUENO'),
(792, '19', 'OCTUBRE', 'BUENO'),
(793, '19', 'OCTUBRE', 'REGULAR'),
(794, '19', 'OCTUBRE', 'REGULAR'),
(795, '19', 'OCTUBRE', 'REGULAR'),
(796, '20', 'OCTUBRE', 'BUENO'),
(797, '20', 'OCTUBRE', 'BUENO'),
(798, '20', 'OCTUBRE', 'REGULAR'),
(799, '20', 'OCTUBRE', 'REGULAR'),
(800, '21', 'OCTUBRE', 'BUENO'),
(801, '21', 'OCTUBRE', 'BUENO'),
(802, '21', 'OCTUBRE', 'REGULAR'),
(803, '21', 'OCTUBRE', 'REGULAR'),
(804, '22', 'OCTUBRE', 'BUENO'),
(805, '22', 'OCTUBRE', 'BUENO'),
(806, '22', 'OCTUBRE', 'BUENO'),
(807, '22', 'OCTUBRE', 'BUENO'),
(808, '22', 'OCTUBRE', 'REGULAR'),
(809, '23', 'OCTUBRE', 'BUENO'),
(810, '23', 'OCTUBRE', 'BUENO'),
(811, '23', 'OCTUBRE', 'BUENO'),
(812, '23', 'OCTUBRE', 'BUENO'),
(813, '23', 'OCTUBRE', 'BUENO'),
(814, '23', 'OCTUBRE', 'BUENO'),
(815, '23', 'OCTUBRE', 'REGULAR'),
(816, '23', 'OCTUBRE', 'REGULAR'),
(817, '24', 'OCTUBRE', 'BUENO'),
(818, '24', 'OCTUBRE', 'BUENO'),
(819, '24', 'OCTUBRE', 'BUENO'),
(820, '24', 'OCTUBRE', 'BUENO'),
(821, '25', 'OCTUBRE', 'BUENO'),
(822, '25', 'OCTUBRE', 'BUENO'),
(823, '25', 'OCTUBRE', 'REGULAR'),
(824, '26', 'OCTUBRE', 'BUENO'),
(825, '26', 'OCTUBRE', 'BUENO'),
(826, '26', 'OCTUBRE', 'BUENO'),
(827, '26', 'OCTUBRE', 'BUENO'),
(828, '26', 'OCTUBRE', 'BUENO'),
(829, '26', 'OCTUBRE', 'BUENO'),
(830, '26', 'OCTUBRE', 'BUENO'),
(831, '26', 'OCTUBRE', 'BUENO'),
(832, '26', 'OCTUBRE', 'BUENO'),
(833, '27', 'OCTUBRE', 'BUENO'),
(834, '27', 'OCTUBRE', 'BUENO'),
(835, '27', 'OCTUBRE', 'BUENO'),
(836, '27', 'OCTUBRE', 'BUENO'),
(837, '27', 'OCTUBRE', 'BUENO'),
(838, '27', 'OCTUBRE', 'BUENO'),
(839, '28', 'OCTUBRE', 'BUENO'),
(840, '28', 'OCTUBRE', 'BUENO'),
(841, '28', 'OCTUBRE', 'BUENO'),
(842, '28', 'OCTUBRE', 'BUENO'),
(843, '28', 'OCTUBRE', 'BUENO'),
(844, '28', 'OCTUBRE', 'BUENO'),
(845, '28', 'OCTUBRE', 'BUENO'),
(846, '28', 'OCTUBRE', 'REGULAR'),
(847, '28', 'OCTUBRE', 'REGULAR');

--
-- Índices para tablas volcadas
--

--
-- Indices de la tabla `actividades`
--
ALTER TABLE `actividades`
  ADD PRIMARY KEY (`id`);

--
-- Indices de la tabla `detalles`
--
ALTER TABLE `detalles`
  ADD PRIMARY KEY (`id`);

--
-- Indices de la tabla `ind1`
--
ALTER TABLE `ind1`
  ADD PRIMARY KEY (`id`);

--
-- Indices de la tabla `ind2`
--
ALTER TABLE `ind2`
  ADD PRIMARY KEY (`id`);

--
-- Indices de la tabla `ind3`
--
ALTER TABLE `ind3`
  ADD PRIMARY KEY (`id`);

--
-- AUTO_INCREMENT de las tablas volcadas
--

--
-- AUTO_INCREMENT de la tabla `actividades`
--
ALTER TABLE `actividades`
  MODIFY `id` int(11) NOT NULL AUTO_INCREMENT, AUTO_INCREMENT=11;

--
-- AUTO_INCREMENT de la tabla `detalles`
--
ALTER TABLE `detalles`
  MODIFY `id` int(11) NOT NULL AUTO_INCREMENT, AUTO_INCREMENT=14;

--
-- AUTO_INCREMENT de la tabla `ind1`
--
ALTER TABLE `ind1`
  MODIFY `id` int(11) NOT NULL AUTO_INCREMENT, AUTO_INCREMENT=141;

--
-- AUTO_INCREMENT de la tabla `ind2`
--
ALTER TABLE `ind2`
  MODIFY `id` int(11) NOT NULL AUTO_INCREMENT, AUTO_INCREMENT=141;

--
-- AUTO_INCREMENT de la tabla `ind3`
--
ALTER TABLE `ind3`
  MODIFY `id` int(11) NOT NULL AUTO_INCREMENT, AUTO_INCREMENT=848;
COMMIT;

/*!40101 SET CHARACTER_SET_CLIENT=@OLD_CHARACTER_SET_CLIENT */;
/*!40101 SET CHARACTER_SET_RESULTS=@OLD_CHARACTER_SET_RESULTS */;
/*!40101 SET COLLATION_CONNECTION=@OLD_COLLATION_CONNECTION */;
